coefficient,value
a,0.4967141530112327
b,-0.13826430117118466
c,0.6476885381006925
d,1.5230298564080254
